Picklist/ASRS Allocation Delay 10PM,,Bengaluru,,Ship to Store,SNXS1270000004416497,948208270,NXS1,Bengaluru,6/29/2026 19:44,,,,,,,0:00:00,,0:00:00,,6/30/2026 2:15:00,,6/30/2026 2:45:00,,6/30/2026 3:00:00,
QC Fail Order,SV,Thane,6/30/2026 3:43:32,Ship to Store,SNXS1270000004387376,947869160,NXS1,Thane,6/29/2026 12:40,,,2026-06-29 17:29:20,2026-06-29 17:29:57,,2026-06-29 18:45:01,1:15:04,2026-06-30 2:57:45,8:12:44,2026-06-30 2:57:45,6/30/2026 2:15:00,2026-06-30 12:16:50,6/30/2026 2:45:00,2026-06-30 12:16:50,6/30/2026 3:00:00,2026-06-30 13:16:12
QC Fail Order,SV,Bengaluru,6/30/2026 3:11:12,Ship to Cust,SNXS1270000004413653,948210790,NXS1,Bengaluru S2C,6/29/2026 14:37,,,2026-06-30 0:56:53,2026-06-30 0:57:32,,2026-06-30 0:57:36,0:00:39,2026-06-30 2:30:50,1:33:14,2026-06-30 2:30:50,6/30/2026 0:30:00,2026-06-30 2:58:39,6/30/2026 1:00:00,2026-06-30 2:58:39,6/30/2026 1:15:00,2026-06-30 3:11:12
QC Fail Order,SV,Ghaziabad,6/30/2026 3:18:35,Ship to Cust,SNXS1270000004407701,948145150,NXS1,Ghaziabad S2C,6/29/2026 19:14,,,2026-06-29 23:59:48,2026-06-30 0:00:15,,2026-06-30 0:00:24,0:00:27,2026-06-30 3:03:23,3:02:59,2026-06-30 3:03:23,6/30/2026 2:30:00,2026-06-30 3:13:38,6/30/2026 3:00:00,2026-06-30 3:13:38,6/30/2026 3:15:00,2026-06-30 3:18:35
QC Fail Order,SV,Kolkata,6/30/2026 1:31:56,Ship to Store,SNXS1270000004413597,948209830,NXS1,Kolkata,6/29/2026 19:14,,,2026-06-30 1:31:05,2026-06-30 1:31:52,,2026-06-30 1:31:56,0:00:47,2026-06-30 9:42:50,8:10:54,2026-06-30 9:42:50,6/30/2026 2:15:00,2026-06-30 11:37:57,6/30/2026 2:45:00,2026-06-30 11:37:57,6/30/2026 3:00:00,2026-06-30 15:51:28
QC Fail Order,SV,Thane,6/30/2026 4:01:20,Ship to Store,SNXS1270000004406136,948126390,NXS1,Thane,6/29/2026 19:31,,,2026-06-29 22:40:24,2026-06-29 22:41:06,2026-06-29 23:43:15,2026-06-30 0:00:44,1:19:38,2026-06-30 2:11:40,2:10:56,2026-06-30 2:11:40,6/30/2026 2:15:00,2026-06-30 3:54:13,6/30/2026 2:45:00,2026-06-30 3:54:14,6/30/2026 3:00:00,2026-06-30 2:46:37
QC Fail Order,ZP,Noida,6/30/2026 3:26:24,Ship to Store,SNXS1270000004406937,948135080,NXS1,Noida,6/29/2026 15:32,,,2026-06-30 2:21:55,2026-06-30 2:22:51,,2026-06-30 2:23:03,0:00:56,2026-06-30 3:15:01,0:51:58,2026-06-30 3:15:01,6/30/2026 2:15:00,2026-06-30 13:15:49,6/30/2026 2:45:00,2026-06-30 13:15:49,6/30/2026 3:00:00,2026-06-30 15:23:30
QC Fail Order,SV,Mumbai,6/30/2026 3:21:14,Ship to Cust,SNXS1270000004413044,948199210,NXS1,Mumbai S2C,6/29/2026 18:55,,,2026-06-30 0:12:51,2026-06-30 0:13:40,2026-06-30 2:52:45,2026-06-30 0:35:28,2:39:05,2026-06-30 9:20:41,8:45:13,2026-06-30 11:59:53,6/30/2026 2:30:00,2026-06-30 13:06:00,6/30/2026 3:00:00,2026-06-30 13:06:00,6/30/2026 3:15:00,2026-06-30 13:34:45
QC Fail Order,SV,Jodhpur,6/30/2026 2:22:42,Ship to Store,SNXS1270000004397181,947912260,NXS1,Jodhpur,6/29/2026 0:04,,,2026-06-29 20:19:52,2026-06-29 20:20:37,2026-06-29 21:38:46,2026-06-29 23:50:23,3:29:46,2026-06-30 1:37:10,1:46:47,2026-06-30 2:11:16,6/30/2026 1:15:00,2026-06-30 2:17:53,6/30/2026 1:45:00,2026-06-30 2:17:53,6/30/2026 2:00:00,2026-06-30 2:22:42
QC Fail Order,SV,Bengaluru,6/30/2026 3:55:47,Ship to Cust,SNXS1270000004418826,948266960,NXS1,Bengaluru S2C,6/29/2026 20:26,,,2026-06-30 1:44:15,2026-06-30 1:45:19,,2026-06-30 1:45:26,0:01:04,2026-06-30 11:30:15,9:44:49,2026-06-30 11:30:15,6/30/2026 0:30:00,2026-06-30 12:18:53,6/30/2026 1:00:00,2026-06-30 12:18:53,6/30/2026 1:15:00,2026-06-30 13:23:32
QC Fail Order,SV,Hyderabad,6/30/2026 1:03:37,Ship to Store,SNXS1270000004418578,948264670,NXS1,Hyderabad,6/29/2026 3:25,,,2026-06-30 1:03:02,2026-06-30 1:03:32,,2026-06-30 1:03:36,0:00:30,2026-06-30 7:57:29,6:53:53,2026-06-30 10:22:35,6/30/2026 2:15:00,2026-06-30 11:15:49,6/30/2026 2:45:00,2026-06-30 11:15:49,6/30/2026 3:00:00,2026-06-30 11:53:23
QC Fail Order,SV,Gwalior,6/30/2026 2:40:45,Ship to Store,SNXS1270000004417283,948250100,NXS1,Gwalior,6/29/2026 8:47,,,2026-06-29 23:02:35,2026-06-29 23:03:15,,2026-06-29 23:19:27,0:16:12,2026-06-30 2:11:41,2:52:14,2026-06-30 2:26:04,6/30/2026 1:15:00,2026-06-30 2:35:04,6/30/2026 1:45:00,2026-06-30 2:35:05,6/30/2026 2:00:00,2026-06-30 2:40:45
QC Fail Order,SV,Hyderabad,6/30/2026 3:19:16,Ship to Store,SNXS1270000004387456,947869860,NXS1,Hyderabad,6/29/2026 18:39,,,2026-06-30 1:48:29,2026-06-30 1:49:34,,2026-06-30 1:49:43,0:01:05,2026-06-30 9:55:16,8:05:33,2026-06-30 3:11:53,6/30/2026 2:15:00,2026-06-30 10:20:49,6/30/2026 2:45:00,2026-06-30 10:20:49,6/30/2026 3:00:00,2026-06-30 11:06:15
QC Fail Order,SV,Hyderabad,,Ship to Store,SNXS1270000004397097,947994300,NXS1,Hyderabad,6/29/2026 14:39,,,2026-06-30 0:02:52,2026-06-30 0:03:12,,2026-06-30 0:03:21,0:00:20,2026-06-30 10:22:10,10:18:49,2026-06-30 10:22:10,6/30/2026 2:15:00,2026-06-30 11:22:55,6/30/2026 2:45:00,2026-06-30 11:22:55,6/30/2026 3:00:00,2026-06-30 13:09:51
QC Fail Order,SV,Meerut,6/30/2026 2:44:27,Ship to Store,SNXS1270000004415418,948229932,NXS1,Meerut,6/29/2026 19:57,,,2026-06-29 23:11:39,2026-06-29 23:43:44,,2026-06-29 23:43:49,0:32:05,2026-06-30 2:11:43,2:27:54,2026-06-30 2:25:52,6/30/2026 1:15:00,2026-06-30 2:33:02,6/30/2026 1:45:00,2026-06-30 2:33:02,6/30/2026 2:00:00,
QC Fail Order,SV,Chennai,6/30/2026 3:20:44,Ship to Store,SNXS1270000004405163,948115220,NXS1,Chennai,6/29/2026 20:24,,,2026-06-29 23:15:22,2026-06-29 23:15:54,,2026-06-29 23:46:00,0:30:06,2026-06-30 2:47:33,3:01:33,2026-06-30 3:03:19,6/30/2026 2:15:00,2026-06-30 3:05:32,6/30/2026 2:45:00,2026-06-30 3:05:32,6/30/2026 3:00:00,
QC Fail Order,SV,New Delhi,6/30/2026 3:10:20,Ship to Store,SNXS1270000004397014,947993460,NXS1,New Delhi,6/29/2026 17:15,,,2026-06-29 22:49:30,2026-06-29 22:50:21,,2026-06-30 0:11:06,1:20:45,2026-06-30 9:14:35,9:03:29,2026-06-30 14:05:10,6/30/2026 2:15:00,2026-06-30 3:10:20,6/30/2026 2:45:00,2026-06-30 2:40:19,6/30/2026 3:00:00,2026-06-30 3:10:20
QC Fail Order,SV,Thane,,Ship to Store,SNXS1270000004403913,947870160,NXS1,Thane,6/29/2026 20:22,,,2026-06-30 3:29:03,2026-06-30 3:29:45,,2026-06-30 3:29:53,0:00:42,2026-06-30 10:27:18,6:57:25,2026-06-30 10:27:18,6/30/2026 2:15:00,2026-06-30 11:33:27,6/30/2026 2:45:00,2026-06-30 11:33:27,6/30/2026 3:00:00,2026-06-30 12:02:40
QC Fail Order,SV,Kolkata,6/30/2026 5:13:28,Ship to Store,SNXS1270000004412938,948203240,NXS1,Kolkata,6/29/2026 17:31,,,2026-06-30 2:10:47,2026-06-30 2:12:14,2026-06-30 7:10:01,2026-06-30 2:12:23,4:57:47,2026-06-30 3:14:49,1:02:26,2026-06-30 3:14:49,6/30/2026 2:15:00,2026-06-30 3:51:47,6/30/2026 2:45:00,2026-06-30 3:51:47,6/30/2026 3:00:00,2026-06-30 7:12:00
QC Fail Order,SV,Gurgaon,6/30/2026 3:11:16,Ship to Store,SNXS1270000004405244,947809486,NXS1,Gurgaon,6/29/2026 18:04,,,2026-06-29 22:20:17,2026-06-29 22:21:43,,2026-06-29 23:14:16,0:52:33,2026-06-30 3:00:24,3:46:08,,6/30/2026 2:15:00,2026-06-30 3:07:15,6/30/2026 2:45:00,2026-06-30 3:07:15,6/30/2026 3:00:00,2026-06-30 3:11:16
QC Fail Order,SV,Kolkata,,Ship to Store,SNXS1270000004413235,948206416,NXS1,Kolkata,6/29/2026 14:12,,,2026-06-30 2:22:33,2026-06-30 2:22:55,,2026-06-30 2:23:04,0:00:22,2026-06-30 11:22:57,8:59:53,2026-06-30 11:22:57,6/30/2026 2:15:00,2026-06-30 12:42:17,6/30/2026 2:45:00,2026-06-30 12:42:17,6/30/2026 3:00:00,2026-06-30 13:59:45
QC Fail Order,SV,Hyderabad,6/30/2026 0:56:21,Ship to Store,SNXS1270000004403901,948100996,NXS1,Hyderabad,6/29/2026 20:02,,,2026-06-30 0:55:50,2026-06-30 0:56:15,,2026-06-30 0:56:20,0:00:25,,-1108872:56:20,,6/30/2026 2:15:00,,6/30/2026 2:45:00,,6/30/2026 3:00:00,
QC Fail Order,SV,Chennai,6/30/2026 0:39:47,Ship to Cust,SNXS1270000004392800,947925746,NXS1,Chennai S2C,6/29/2026 19:04,,,2026-06-30 0:22:52,2026-06-30 0:23:16,2026-06-30 0:39:20,2026-06-30 0:39:46,0:16:30,2026-06-30 11:25:34,10:45:48,2026-06-30 2:20:48,6/30/2026 2:30:00,2026-06-30 12:14:14,6/30/2026 3:00:00,2026-06-30 12:14:15,6/30/2026 3:15:00,2026-06-30 13:27:43
QC Fail Order,SV,New Delhi,6/30/2026 1:30:39,Ship to Store,SNXS1270000004414998,948226236,NXS1,New Delhi,6/29/2026 19:55,,,2026-06-30 1:22:11,2026-06-30 1:22:42,,2026-06-30 1:30:39,0:07:57,2026-06-30 7:57:30,6:26:51,2026-06-30 10:20:53,6/30/2026 2:15:00,2026-06-30 11:07:54,6/30/2026 2:45:00,2026-06-30 11:07:54,6/30/2026 3:00:00,2026-06-30 11:13:37
QC Fail Order,SV,Noida,6/30/2026 1:09:10,Ship to Store,SNXS1270000004378590,947746376,NXS1,Noida,6/29/2026 18:46,,,2026-06-30 1:08:33,2026-06-30 1:08:59,,2026-06-30 1:09:09,0:00:26,2026-06-30 7:57:29,6:48:20,2026-06-30 10:55:20,6/30/2026 2:15:00,2026-06-30 12:11:25,6/30/2026 2:45:00,2026-06-30 12:11:25,6/30/2026 3:00:00,2026-06-30 14:00:40
QC Fail Order,SV,Meerut,6/30/2026 3:26:16,Ship to Store,SNXS1270000004413578,948210808,NXS1,Meerut,6/29/2026 18:57,,,2026-06-30 2:23:26,2026-06-30 2:23:43,,2026-06-30 2:23:50,0:00:17,2026-06-30 3:15:03,0:51:13,2026-06-30 3:15:02,6/30/2026 1:15:00,2026-06-30 3:21:27,6/30/2026 1:45:00,2026-06-30 3:21:27,6/30/2026 2:00:00,2026-06-30 3:26:16
QC Fail Order,SV,Indore,6/30/2026 4:02:52,Ship to Store,SNXS1270000004405329,948116836,NXS1,Indore,6/29/2026 19:56,,,2026-06-30 0:01:13,2026-06-30 0:01:37,,2026-06-30 0:01:46,0:00:24,2026-06-30 3:50:34,3:48:48,2026-06-30 3:50:34,6/30/2026 2:15:00,2026-06-30 14:46:27,6/30/2026 2:45:00,2026-06-30 14:46:28,6/30/2026 3:00:00,2026-06-30 16:06:51
QC Fail Order,SV,Jaipur,6/30/2026 3:21:00,Ship to Store,SNXS1270000004392269,947943436,NXS1,Jaipur,6/29/2026 15:15,,,2026-06-30 0:10:29,2026-06-30 0:11:10,,2026-06-30 0:11:18,0:00:41,2026-06-30 2:47:31,2:36:13,2026-06-30 3:15:03,6/30/2026 1:15:00,2026-06-30 3:18:47,6/30/2026 1:45:00,2026-06-30 3:18:47,6/30/2026 2:00:00,2026-06-30 3:21:00
QC Fail Order,SV,New Delhi,6/30/2026 5:50:10,Ship to Store,SNXS1270000004405220,948115796,NXS1,New Delhi,6/29/2026 20:50,,,2026-06-29 22:43:48,2026-06-29 22:44:45,2026-06-29 23:48:21,2026-06-29 23:48:46,1:04:01,2026-06-30 3:33:49,3:45:03,2026-06-30 3:50:36,6/30/2026 2:15:00,2026-06-30 4:01:42,6/30/2026 2:45:00,2026-06-30 4:01:42,6/30/2026 3:00:00,2026-06-30 5:50:10
QC Fail Order,SV,Jaipur,6/30/2026 3:22:20,Ship to Store,SNXS1270000004413821,948212986,NXS1,Jaipur,6/29/2026 20:46,,,2026-06-29 22:41:13,2026-06-29 22:41:43,2026-06-29 23:36:45,2026-06-30 0:00:37,1:18:54,2026-06-30 2:58:01,2:57:24,2026-06-30 3:10:16,6/30/2026 1:15:00,2026-06-30 3:13:55,6/30/2026 1:45:00,2026-06-30 3:13:55,6/30/2026 2:00:00,2026-06-30 3:22:20
QC Fail Order,SV,Gurgaon,6/30/2026 3:21:44,Ship to Store,SNXS1270000004407996,948147086,NXS1,Gurgaon,6/29/2026 20:38,,,2026-06-29 23:52:52,2026-06-30 0:03:54,,2026-06-30 0:03:59,0:11:02,2026-06-30 3:00:05,2:56:06,2026-06-30 3:11:52,6/30/2026 2:15:00,2026-06-30 3:15:55,6/30/2026 2:45:00,2026-06-30 3:15:56,6/30/2026 3:00:00,2026-06-30 3:21:44
QC Fail Order,SV,Chandigarh,6/30/2026 3:51:25,Ship to Store,SNXS1270000004418942,948267986,NXS1,Chandigarh,6/29/2026 14:11,,,2026-06-29 23:32:34,2026-06-30 0:47:45,2026-06-30 1:24:04,2026-06-30 1:48:14,1:15:11,2026-06-30 3:33:49,1:45:35,2026-06-30 3:46:11,6/30/2026 1:15:00,2026-06-30 3:48:19,6/30/2026 1:45:00,2026-06-30 3:48:19,6/30/2026 2:00:00,2026-06-30 3:51:25
QC Fail Order,SV,Faridabad,6/30/2026 1:05:42,Ship to Store,SNXS1270000004395293,947975266,NXS1,Faridabad,6/29/2026 17:27,,,2026-06-30 1:05:00,2026-06-30 1:05:25,,2026-06-30 1:05:42,0:00:25,2026-06-30 8:17:49,7:12:07,2026-06-30 10:56:04,6/30/2026 2:15:00,2026-06-30 12:57:03,6/30/2026 2:45:00,2026-06-30 12:57:03,6/30/2026 3:00:00,2026-06-30 13:46:40
QC Fail Order,SV,Indore,6/30/2026 3:44:56,Ship to Store,SNXS1270000004413073,948204866,NXS1,Indore,6/29/2026 20:16,,,2026-06-30 1:45:15,2026-06-30 2:35:03,,2026-06-30 2:35:11,0:49:48,2026-06-30 3:34:35,0:59:24,2026-06-30 3:34:35,6/30/2026 2:15:00,2026-06-30 3:39:59,6/30/2026 2:45:00,2026-06-30 3:39:59,6/30/2026 3:00:00,2026-06-30 3:44:56
QC Fail Order,ZP,Thane,6/30/2026 3:37:10,Ship to Cust,SNXS1270000004402670,948090276,NXS1,Thane S2C,6/29/2026 18:35,,,2026-06-29 20:46:54,2026-06-29 20:47:29,2026-06-29 22:57:33,2026-06-30 1:15:09,4:27:40,2026-06-30 9:14:33,7:59:24,2026-06-30 11:27:06,6/30/2026 2:30:00,2026-06-30 12:06:16,6/30/2026 3:00:00,2026-06-30 12:06:16,6/30/2026 3:15:00,2026-06-30 16:45:57
QC Fail Order,SV,Ludhiana,6/30/2026 3:18:37,Ship to Store,SNXS1270000004406526,948130796,NXS1,Ludhiana,6/29/2026 17:26,,,2026-06-30 0:07:51,2026-06-30 0:08:24,,2026-06-30 0:52:43,0:44:19,2026-06-30 2:58:06,2:05:23,2026-06-30 3:10:15,6/30/2026 1:15:00,2026-06-30 3:12:51,6/30/2026 1:45:00,2026-06-30 3:12:51,6/30/2026 2:00:00,2026-06-30 3:18:37
QC Fail Order,SV,Ahmedabad,6/30/2026 3:18:26,Ship to Store,SNXS1270000004393416,947955986,NXS1,Ahmedabad,6/29/2026 14:10,,,2026-06-30 0:50:39,2026-06-30 0:51:02,2026-06-30 16:40:09,2026-06-30 0:51:10,15:49:07,2026-06-30 2:30:48,1:39:38,2026-06-30 2:30:48,6/30/2026 2:15:00,2026-06-30 2:50:48,6/30/2026 2:45:00,2026-06-30 2:50:48,6/30/2026 3:00:00,
QC Fail Order,SV,Faridabad,6/30/2026 3:16:21,Ship to Store,SNXS1270000004392339,947944146,NXS1,Faridabad,6/29/2026 19:59,,,2026-06-30 3:15:30,2026-06-30 3:16:13,,2026-06-30 3:16:21,0:00:43,,-1108875:16:21,,6/30/2026 2:15:00,,6/30/2026 2:45:00,,6/30/2026 3:00:00,
QC Fail Order,SV,Jodhpur,6/30/2026 3:04:26,Ship to Cust,SNXS1270000004379243,947752536,NXS1,Jodhpur S2C,6/29/2026 17:12,,,2026-06-29 23:10:58,2026-06-29 23:11:13,,2026-06-29 23:11:25,0:00:15,2026-06-30 2:30:46,3:19:21,2026-06-30 2:30:46,6/30/2026 2:30:00,2026-06-30 2:59:21,6/30/2026 3:00:00,2026-06-30 2:59:21,6/30/2026 3:15:00,2026-06-30 3:04:26
QC Fail Order,SV,Bengaluru,6/30/2026 6:32:59,Ship to Store,SNXS1270000004416817,948245062,NXS1,Bengaluru,6/29/2026 18:33,,,2026-06-30 1:17:37,2026-06-30 1:17:50,,2026-06-30 1:18:00,0:00:13,2026-06-30 3:14:45,1:56:45,2026-06-30 3:14:46,6/30/2026 2:15:00,2026-06-30 3:51:36,6/30/2026 2:45:00,2026-06-30 3:51:36,6/30/2026 3:00:00,2026-06-30 6:32:59
QC Fail Order,SV,Thane,6/30/2026 2:28:06,Ship to Cust,SNXS1270000004398835,948021132,NXS1,Thane S2C,6/29/2026 20:20,,,2026-06-30 2:19:24,2026-06-30 2:27:59,,2026-06-30 2:28:06,0:08:35,2026-06-30 3:33:44,1:05:38,2026-06-30 3:50:36,6/30/2026 2:30:00,2026-06-30 3:57:28,6/30/2026 3:00:00,2026-06-30 3:57:29,6/30/2026 3:15:00,2026-06-30 10:06:43
QC Fail Order,SV,Hyderabad,6/30/2026 3:51:00,Ship to Cust,SNXS1270000004378215,947742342,NXS1,Hyderabad S2C,6/29/2026 19:28,,,2026-06-29 11:32:26,2026-06-29 11:32:57,2026-06-29 20:45:57,2026-06-30 1:51:56,14:18:59,2026-06-30 3:46:11,1:54:15,2026-06-30 3:46:11,6/30/2026 2:30:00,2026-06-30 3:48:56,6/30/2026 3:00:00,2026-06-30 3:48:56,6/30/2026 3:15:00,2026-06-30 3:51:00
QC Fail Order,ZP,Ludhiana,6/29/2026 23:04:52,Ship to Store,SNXS1270000004406528,948130802,NXS1,Ludhiana,6/29/2026 19:40,,,2026-06-29 23:04:05,2026-06-29 23:04:34,,2026-06-29 23:04:51,0:00:29,2026-06-30 1:37:01,2:32:10,2026-06-30 14:07:48,6/30/2026 1:15:00,,6/30/2026 1:45:00,,6/30/2026 2:00:00,
QC Fail Order,SV,Bengaluru,6/30/2026 3:21:04,Ship to Cust,SNXS1270000004411948,948183102,NXS1,Bengaluru S2C,6/29/2026 5:19,,,2026-06-29 23:35:50,2026-06-29 23:37:43,,2026-06-29 23:37:49,0:01:53,2026-06-30 2:54:28,3:16:39,2026-06-30 3:15:03,6/30/2026 0:30:00,2026-06-30 3:18:39,6/30/2026 1:00:00,2026-06-30 3:18:39,6/30/2026 1:15:00,2026-06-30 3:21:04
QC Fail Order,SV,Mumbai,6/30/2026 3:32:43,Ship to Cust,SNXS1270000004410860,948179072,NXS1,Mumbai S2C,6/29/2026 19:46,,,2026-06-30 3:23:54,2026-06-30 3:25:14,,2026-06-30 3:32:43,0:07:29,2026-06-30 9:20:56,5:48:13,2026-06-30 11:29:54,6/30/2026 2:30:00,2026-06-30 13:31:52,6/30/2026 3:00:00,2026-06-30 13:31:52,6/30/2026 3:15:00,
QC Fail Order,SV,New Delhi,6/29/2026 18:27:55,Ship to Cust,SNXS1270000004379127,947738272,NXS1,New Delhi S2C,6/29/2026 16:52,,,2026-06-29 15:20:23,2026-06-29 18:27:48,,2026-06-29 18:27:54,3:07:25,2026-06-29 21:53:16,3:25:22,2026-06-29 21:53:16,6/30/2026 2:30:00,2026-06-30 13:02:59,6/30/2026 3:00:00,2026-06-30 13:02:59,6/30/2026 3:15:00,2026-06-30 13:15:00
QC Fail Order,SV,New Delhi,6/30/2026 3:00:01,Ship to Store,SNXS1270000004417333,948250642,NXS1,New Delhi,6/29/2026 19:50,,,2026-06-30 0:24:03,2026-06-30 0:24:27,,2026-06-30 1:09:50,0:45:23,2026-06-30 2:26:17,1:16:27,2026-06-30 2:26:17,6/30/2026 2:15:00,2026-06-30 2:46:09,6/30/2026 2:45:00,2026-06-30 2:46:09,6/30/2026 3:00:00,
QC Fail Order,SV,Pune,6/30/2026 3:40:24,Ship to Cust,SNXS1270000004395255,947974822,NXS1,Pune S2C,6/29/2026 17:11,,,2026-06-29 21:21:04,2026-06-29 21:21:27,2026-06-29 21:36:38,2026-06-30 1:42:22,4:20:55,2026-06-30 3:30:28,1:48:06,2026-06-30 3:30:28,6/29/2026 23:15:00,2026-06-30 11:32:58,6/29/2026 23:45:00,2026-06-30 11:32:59,6/30/2026 0:00:00,2026-06-30 3:40:24
QC Fail Order,SV,Bengaluru,6/30/2026 3:03:18,Ship to Cust,SNXS1270000004385597,947843802,NXS1,Bengaluru S2C,6/29/2026 19:23,,,2026-06-30 0:44:28,2026-06-30 0:44:48,,2026-06-30 0:44:59,0:00:20,2026-06-30 2:26:16,1:41:17,2026-06-30 2:26:16,6/30/2026 0:30:00,2026-06-30 2:49:10,6/30/2026 1:00:00,2026-06-30 2:49:10,6/30/2026 1:15:00,2026-06-30 3:03:18
QC Fail Order,SV,New Delhi,6/30/2026 4:15:11,Ship to Cust,SNXS1270000004379500,947732652,NXS1,New Delhi S2C,6/29/2026 19:26,,,2026-06-30 2:16:43,2026-06-30 2:26:09,,2026-06-30 2:26:20,0:09:26,2026-06-30 3:33:50,1:07:30,2026-06-30 3:50:35,6/30/2026 2:30:00,2026-06-30 3:57:21,6/30/2026 3:00:00,2026-06-30 3:57:21,6/30/2026 3:15:00,2026-06-30 4:15:11
QC Fail Order,SV,Badlapur,6/29/2026 22:47:12,Ship to Store,SNXS1270000004409584,948165022,NXS1,Badlapur,6/29/2026 19:03,,,2026-06-29 22:45:51,2026-06-29 22:46:58,,2026-06-29 22:47:11,0:01:07,2026-06-30 9:14:37,10:27:26,2026-06-30 10:55:41,6/30/2026 1:15:00,2026-06-30 11:44:34,6/30/2026 1:45:00,2026-06-30 11:44:34,6/30/2026 2:00:00,2026-06-30 12:45:51
QC Fail Order,SV,Kalyan,6/30/2026 0:58:06,Ship to Store,SNXS1270000004412965,948203362,NXS1,Kalyan,6/29/2026 19:52,,,2026-06-30 0:57:47,2026-06-30 0:57:58,,2026-06-30 0:58:05,0:00:11,2026-06-30 9:14:38,8:16:33,2026-06-30 10:29:11,6/30/2026 2:15:00,2026-06-30 15:57:12,6/30/2026 2:45:00,2026-06-30 15:57:12,6/30/2026 3:00:00,
QC Fail Order,SV,Gurgaon,6/30/2026 3:21:12,Ship to Store,SNXS1270000004418623,948265212,NXS1,Gurgaon,6/29/2026 20:49,,,2026-06-30 2:20:16,2026-06-30 2:21:04,,2026-06-30 2:21:16,0:00:48,2026-06-30 3:15:05,0:53:49,2026-06-30 3:15:05,6/30/2026 2:15:00,2026-06-30 3:17:29,6/30/2026 2:45:00,2026-06-30 3:17:29,6/30/2026 3:00:00,2026-06-30 3:21:12
QC Fail Order,SV,Indore,6/30/2026 3:31:05,Ship to Store,SNXS1270000004418436,948263472,NXS1,Indore,6/29/2026 18:32,,,2026-06-30 0:27:48,2026-06-30 0:28:27,,2026-06-30 0:49:51,0:21:24,2026-06-30 2:30:49,1:40:58,2026-06-30 2:30:49,6/30/2026 2:15:00,2026-06-30 2:55:29,6/30/2026 2:45:00,2026-06-30 2:55:29,6/30/2026 3:00:00,2026-06-30 3:31:05
QC Fail Order,SV,Hyderabad,,Ship to Store,SNXS1270000004410709,948177162,NXS1,Hyderabad,6/29/2026 16:13,,,2026-06-30 2:17:54,2026-06-30 2:18:17,,2026-06-30 2:18:26,0:00:23,2026-06-30 11:23:03,9:04:37,2026-06-30 11:23:03,6/30/2026 2:15:00,2026-06-30 12:20:26,6/30/2026 2:45:00,2026-06-30 12:20:26,6/30/2026 3:00:00,2026-06-30 13:38:25
QC Fail Order,SV,Hyderabad,6/29/2026 18:20:26,Ship to Cust,SNXS1270000004378772,947747882,NXS1,Hyderabad S2C,6/29/2026 17:57,,,2026-06-29 18:18:22,2026-06-29 18:20:17,,2026-06-29 18:20:25,0:01:55,2026-06-29 21:53:21,3:32:56,2026-06-29 21:53:21,6/30/2026 2:30:00,2026-06-30 14:48:47,6/30/2026 3:00:00,2026-06-30 14:48:47,6/30/2026 3:15:00,
QC Fail Order,SV,Hyderabad,6/30/2026 4:13:00,Ship to Cust,SNXS1270000004395672,947974592,NXS1,Hyderabad S2C,6/29/2026 12:55,,,2026-06-29 23:43:38,2026-06-29 23:43:56,2026-06-30 0:01:23,2026-06-30 0:02:08,0:18:12,2026-06-30 3:56:11,3:54:03,2026-06-30 3:56:11,6/30/2026 2:30:00,2026-06-30 4:03:25,6/30/2026 3:00:00,2026-06-30 4:03:25,6/30/2026 3:15:00,2026-06-30 4:13:00
QC Fail Order,SV,New Delhi,6/30/2026 4:33:35,Ship to Store,SNXS1270000004407475,948140812,NXS1,New Delhi,6/29/2026 20:03,,,2026-06-30 0:12:40,2026-06-30 0:13:01,2026-06-30 4:25:41,2026-06-30 0:59:34,4:12:40,2026-06-30 3:33:48,2:34:14,2026-06-30 3:50:32,6/30/2026 2:15:00,2026-06-30 3:53:50,6/30/2026 2:45:00,2026-06-30 3:53:50,6/30/2026 3:00:00,2026-06-30 4:33:35
QC Fail Order,SV,Jammu,6/30/2026 3:01:22,Ship to Store,SNXS1270000004388656,947887512,NXS1,Jammu,6/29/2026 18:21,,,2026-06-29 20:59:08,2026-06-29 20:59:43,,2026-06-29 23:01:39,2:01:56,2026-06-30 10:25:02,11:23:23,2026-06-30 10:25:02,6/30/2026 2:15:00,2026-06-30 13:15:09,6/30/2026 2:45:00,2026-06-30 2:56:08,6/30/2026 3:00:00,
QC Fail Order,SV,Jaipur,6/30/2026 3:27:11,Ship to Cust,SNXS1270000004417143,948248672,NXS1,Jaipur S2C,6/29/2026 15:44,,,2026-06-30 1:36:26,2026-06-30 1:37:01,,2026-06-30 1:37:06,0:00:35,2026-06-30 9:20:45,7:43:39,2026-06-30 12:20:42,6/30/2026 1:30:00,2026-06-30 13:43:03,6/30/2026 2:00:00,2026-06-30 13:43:03,6/30/2026 2:15:00,2026-06-30 14:10:03
QC Fail Order,SV,Bengaluru,6/30/2026 0:15:55,Ship to Store,SNXS1270000004418568,948264452,NXS1,Bengaluru,6/29/2026 20:20,,,2026-06-29 23:00:52,2026-06-30 0:15:47,,2026-06-30 0:15:54,1:14:55,2026-06-30 2:11:42,1:55:48,2026-06-30 2:26:03,6/30/2026 2:15:00,2026-06-30 4:00:13,6/30/2026 2:45:00,,6/30/2026 3:00:00,
QC Fail Order,SV,Bengaluru,6/30/2026 1:24:09,Ship to Cust,SNXS1270000004379797,947750292,NXS1,Bengaluru S2C,6/29/2026 7:49,,,2026-06-30 0:29:19,2026-06-30 0:29:42,,2026-06-30 1:24:08,0:54:26,2026-06-30 7:57:28,6:33:20,2026-06-30 10:20:47,6/30/2026 0:30:00,2026-06-30 11:10:26,6/30/2026 1:00:00,2026-06-30 11:10:26,6/30/2026 1:15:00,2026-06-30 11:55:01
QC Fail Order,SV,Bengaluru,6/30/2026 2:50:41,Ship to Cust,SNXS1270000004414661,948222412,NXS1,Bengaluru S2C,6/29/2026 19:42,,,2026-06-30 0:39:24,2026-06-30 0:40:21,2026-06-30 0:46:06,2026-06-30 1:02:04,0:21:43,2026-06-30 2:15:52,1:13:48,2026-06-30 2:15:52,6/30/2026 0:30:00,2026-06-30 2:44:39,6/30/2026 1:00:00,2026-06-30 2:44:39,6/30/2026 1:15:00,2026-06-30 2:50:41
QC Fail Order,SV,Thane,,Ship to Store,SNXS1270000004408246,948149868,NXS1,Thane,6/29/2026 18:38,,,2026-06-29 23:49:37,2026-06-29 23:50:08,,2026-06-29 23:50:17,0:00:31,2026-06-30 11:44:34,11:54:17,2026-06-30 11:44:34,6/30/2026 2:15:00,2026-06-30 11:52:29,6/30/2026 2:45:00,2026-06-30 11:52:29,6/30/2026 3:00:00,2026-06-30 15:47:17
QC Fail Order,SV,Hisar,6/30/2026 3:31:47,Ship to Store,SNXS1270000004424806,948195848,NXS1,Hisar,6/29/2026 16:05,,,2026-06-30 2:04:15,2026-06-30 2:05:39,,2026-06-30 2:05:45,0:01:24,2026-06-30 3:14:53,1:09:08,2026-06-30 3:29:11,6/30/2026 1:15:00,2026-06-30 3:29:15,6/30/2026 1:45:00,2026-06-30 3:30:05,6/30/2026 2:00:00,2026-06-30 3:31:47
QC Fail Order,SV,New Delhi,6/30/2026 0:51:59,Ship to Cust,SNXS1270000004378545,947745988,NXS1,New Delhi S2C,6/29/2026 18:36,,,2026-06-29 19:51:39,2026-06-29 19:52:36,2026-06-29 21:23:37,2026-06-29 21:23:55,1:31:19,2026-06-30 13:34:33,16:10:38,2026-06-30 16:32:18,6/30/2026 2:30:00,2026-06-30 16:37:54,6/30/2026 3:00:00,2026-06-30 16:37:54,6/30/2026 3:15:00,
QC Fail Order,SV,Ludhiana,6/30/2026 3:34:20,Ship to Store,SNXS1270000004392231,947942608,NXS1,Ludhiana,6/29/2026 20:03,,,2026-06-30 0:11:24,2026-06-30 0:12:14,,2026-06-30 0:12:19,0:00:50,2026-06-30 3:15:42,3:03:23,2026-06-30 3:15:42,6/30/2026 1:15:00,2026-06-30 3:15:45,6/30/2026 1:45:00,2026-06-30 3:17:22,6/30/2026 2:00:00,2026-06-30 3:34:20
QC Fail Order,SV,Kolkata,,Ship to Store,SNXS1270000004413243,948206408,NXS1,Kolkata,6/29/2026 19:07,,,2026-06-30 2:23:27,2026-06-30 2:24:06,,2026-06-30 2:24:18,0:00:39,2026-06-30 10:28:36,8:04:18,2026-06-30 10:28:36,6/30/2026 2:15:00,,6/30/2026 2:45:00,,6/30/2026 3:00:00,
QC Fail Order,SV,New Delhi,6/30/2026 3:40:28,Ship to Cust,SNXS1270000004394516,947967360,NXS1,New Delhi S2C,6/29/2026 20:49,,,2026-06-30 2:22:27,2026-06-30 2:22:54,,2026-06-30 2:23:04,0:00:27,2026-06-30 3:34:34,1:11:30,2026-06-30 3:34:34,6/30/2026 2:30:00,2026-06-30 3:37:26,6/30/2026 3:00:00,2026-06-30 3:37:27,6/30/2026 3:15:00,2026-06-30 3:40:28
QC Fail Order,SV,Jaipur,6/30/2026 3:50:10,Ship to Store,SNXS1270000004388514,947885198,NXS1,Jaipur,6/29/2026 17:02,,,2026-06-29 21:34:02,2026-06-29 22:06:55,,2026-06-29 22:07:01,0:32:53,2026-06-30 3:33:44,5:26:43,2026-06-30 3:46:08,6/30/2026 1:15:00,2026-06-30 3:48:31,6/30/2026 1:45:00,2026-06-30 3:48:31,6/30/2026 2:00:00,2026-06-30 3:50:10
QC Fail Order,SV,Jaipur,6/30/2026 3:25:50,Ship to Store,SNXS1270000004416556,948242458,NXS1,Jaipur,6/29/2026 20:00,,,2026-06-30 2:24:58,2026-06-30 2:25:21,,2026-06-30 2:25:28,0:00:23,2026-06-30 3:15:00,0:49:32,2026-06-30 3:15:00,6/30/2026 1:15:00,2026-06-30 3:17:03,6/30/2026 1:45:00,2026-06-30 3:17:03,6/30/2026 2:00:00,2026-06-30 3:25:50
QC Fail Order,SV,Kolkata,6/30/2026 3:05:51,Ship to Store,SNXS1270000004383591,947813938,NXS1,Kolkata,6/29/2026 18:08,,,2026-06-29 21:25:10,2026-06-29 22:45:06,,2026-06-29 22:45:12,1:19:56,2026-06-30 9:14:38,10:29:26,2026-06-30 11:42:51,6/30/2026 2:15:00,2026-06-30 14:27:28,6/30/2026 2:45:00,2026-06-30 14:27:28,6/30/2026 3:00:00,2026-06-30 14:46:50
QC Fail Order,SV,Kolkata,,Ship to Store,SNXS1270000004411961,948192058,NXS1,Kolkata,6/29/2026 18:51,,,2026-06-29 23:52:03,2026-06-29 23:52:35,,2026-06-29 23:52:44,0:00:32,2026-06-30 12:50:38,12:57:54,2026-06-30 12:50:38,6/30/2026 2:15:00,2026-06-30 15:11:52,6/30/2026 2:45:00,2026-06-30 15:11:52,6/30/2026 3:00:00,2026-06-30 15:46:40
QC Fail Order,SV,Mumbai,6/30/2026 4:12:04,Ship to Cust,SNXS1270000004417342,948250668,NXS1,Mumbai S2C,6/29/2026 16:27,,,2026-06-30 2:42:15,2026-06-30 2:42:45,,2026-06-30 2:42:56,0:00:30,2026-06-30 3:56:10,1:13:14,2026-06-30 3:56:10,6/30/2026 2:30:00,2026-06-30 3:59:23,6/30/2026 3:00:00,2026-06-30 3:59:23,6/30/2026 3:15:00,2026-06-30 4:12:04
QC Fail Order,SV,Jaipur,,Ship to Store,SNXS1270000004406543,948130988,NXS1,Jaipur,6/29/2026 16:06,,,2026-06-30 3:37:05,2026-06-30 3:37:49,,2026-06-30 3:38:00,0:00:44,2026-06-30 10:55:46,7:17:46,2026-06-30 10:55:46,6/30/2026 1:15:00,2026-06-30 13:56:15,6/30/2026 1:45:00,2026-06-30 13:54:54,6/30/2026 2:00:00,2026-06-30 13:56:15
QC Fail Order,SV,Bengaluru,6/30/2026 3:08:26,Ship to Cust,SNXS1270000004392472,947944008,NXS1,Bengaluru S2C,6/29/2026 9:56,,,2026-06-29 21:47:05,2026-06-29 21:47:44,2026-06-29 22:46:46,2026-06-29 23:03:14,1:15:30,2026-06-30 2:26:10,3:22:56,2026-06-30 2:26:10,6/30/2026 0:30:00,2026-06-30 2:58:00,6/30/2026 1:00:00,2026-06-30 2:58:00,6/30/2026 1:15:00,2026-06-30 3:08:26
QC Fail Order,SV,Bengaluru,6/30/2026 1:00:44,Ship to Store,SNXS1270000004412246,948195148,NXS1,Bengaluru,6/29/2026 19:17,,,2026-06-29 23:25:31,2026-06-30 1:00:37,,2026-06-30 1:00:43,1:35:06,,-1108873:00:43,,6/30/2026 2:15:00,,6/30/2026 2:45:00,,6/30/2026 3:00:00,
QC Fail Order,SV,Noida,6/30/2026 1:44:08,Ship to Store,SNXS1270000004403588,948098198,NXS1,Noida,6/29/2026 14:37,,,2026-06-29 21:35:19,2026-06-29 22:29:05,2026-06-30 0:17:32,2026-06-30 1:44:07,3:15:02,2026-06-30 9:34:02,7:49:55,2026-06-30 11:29:46,6/30/2026 2:15:00,2026-06-30 12:24:57,6/30/2026 2:45:00,2026-06-30 12:24:57,6/30/2026 3:00:00,2026-06-30 13:24:55
QC Fail Order,SV,Faridabad,6/30/2026 3:12:03,Ship to Cust,SNXS1270000004408466,948127228,NXS1,Faridabad S2C,6/29/2026 19:19,,,2026-06-30 1:22:00,2026-06-30 1:22:29,2026-06-30 1:24:12,2026-06-30 1:25:54,0:03:25,2026-06-30 2:48:29,1:22:35,2026-06-30 3:03:20,6/30/2026 2:30:00,2026-06-30 3:07:06,6/30/2026 3:00:00,2026-06-30 3:07:06,6/30/2026 3:15:00,2026-06-30 3:12:03
QC Fail Order,SV,Thane,6/30/2026 2:08:08,Ship to Store,SNXS1270000004406997,948136018,NXS1,Thane,6/29/2026 12:10,,,2026-06-30 1:13:05,2026-06-30 1:14:00,2026-06-30 2:08:08,2026-06-30 2:08:53,0:54:53,2026-06-30 10:27:21,8:18:28,2026-06-30 10:27:21,6/30/2026 2:15:00,2026-06-30 11:49:07,6/30/2026 2:45:00,2026-06-30 11:49:07,6/30/2026 3:00:00,2026-06-30 16:47:04
QC Fail Order,SV,Jodhpur,6/30/2026 2:59:17,Ship to Store,SNXS1270000004409371,948163118,NXS1,Jodhpur,6/29/2026 19:28,,,2026-06-30 0:01:09,2026-06-30 0:02:08,,2026-06-30 0:02:17,0:00:59,2026-06-30 2:30:52,2:28:35,2026-06-30 2:30:52,6/30/2026 1:15:00,2026-06-30 2:53:06,6/30/2026 1:45:00,2026-06-30 2:53:06,6/30/2026 2:00:00,2026-06-30 2:59:17
QC Fail Order,SV,Bengaluru,6/30/2026 2:54:12,Ship to Store,SNXS1270000004424805,948104194,NXS1,Bengaluru,6/29/2026 14:02,,,2026-06-30 2:15:21,2026-06-30 2:16:31,,2026-06-30 2:54:11,0:37:40,2026-06-30 8:43:42,5:49:31,2026-06-30 11:44:39,6/30/2026 2:15:00,2026-06-30 11:44:39,6/30/2026 2:45:00,2026-06-30 15:42:12,6/30/2026 3:00:00,
QC Fail Order,SV,Moradabad,6/30/2026 1:01:32,Ship to Store,SNXS1270000004381505,947779914,NXS1,Moradabad,6/29/2026 18:59,,,2026-06-30 1:00:50,2026-06-30 1:01:21,,2026-06-30 1:01:31,0:00:31,2026-06-30 9:34:02,8:32:31,2026-06-30 11:43:42,12/29/1899 22:00:00,2026-06-30 13:27:23,12/29/1899 22:30:00,2026-06-30 13:27:23,12/29/1899 22:45:00,2026-06-30 16:26:39
QC Fail Order,SV,Hyderabad,6/30/2026 3:55:40,Ship to Store,SNXS1270000004405277,948115324,NXS1,Hyderabad,6/29/2026 13:31,,,2026-06-30 1:06:36,2026-06-30 1:18:18,,2026-06-30 1:18:28,0:11:42,2026-06-30 3:14:48,1:56:20,2026-06-30 3:14:48,6/30/2026 2:15:00,2026-06-30 3:51:36,6/30/2026 2:45:00,2026-06-30 3:51:36,6/30/2026 3:00:00,2026-06-30 3:55:40
QC Fail Order,SV,Jodhpur,6/30/2026 4:16:41,Ship to Store,SNXS1270000004394277,947964714,NXS1,Jodhpur,6/29/2026 18:37,,,2026-06-29 23:58:08,2026-06-29 23:58:41,,2026-06-29 23:58:48,0:00:33,2026-06-30 3:05:14,3:06:26,2026-06-30 3:05:14,6/30/2026 1:15:00,2026-06-30 3:45:59,6/30/2026 1:45:00,2026-06-30 3:45:59,6/30/2026 2:00:00,2026-06-30 4:16:41
QC Fail Order,SV,Pune,,Ship to Cust,SNXS1270000004412318,948196144,NXS1,Pune S2C,6/29/2026 17:29,,,2026-06-29 23:52:58,2026-06-29 23:53:30,,2026-06-29 23:54:33,0:01:03,2026-06-30 12:41:25,12:46:52,2026-06-30 12:41:25,6/29/2026 23:15:00,2026-06-30 15:26:17,6/29/2026 23:45:00,2026-06-30 15:26:17,6/30/2026 0:00:00,2026-06-30 15:34:55
QC Fail Order,SV,Hyderabad,6/30/2026 3:17:21,Ship to Store,SNXS1270000004404306,948106304,NXS1,Hyderabad,6/29/2026 18:35,,,2026-06-29 23:45:36,2026-06-29 23:54:36,2026-06-30 0:17:56,2026-06-30 0:18:24,0:23:48,2026-06-30 2:51:41,2:33:17,2026-06-30 3:07:42,6/30/2026 2:15:00,2026-06-30 12:25:01,6/30/2026 2:45:00,2026-06-30 12:25:01,6/30/2026 3:00:00,2026-06-30 13:04:18
QC Fail Order,SV,Gurgaon,6/30/2026 3:39:58,Ship to Store,SNXS1270000004414871,948224604,NXS1,Gurgaon,6/29/2026 12:01,,,2026-06-30 1:48:08,2026-06-30 1:50:46,,2026-06-30 1:51:03,0:02:38,2026-06-30 3:33:19,1:42:16,2026-06-30 3:33:19,6/30/2026 2:15:00,2026-06-30 3:33:22,6/30/2026 2:45:00,2026-06-30 3:33:28,6/30/2026 3:00:00,2026-06-30 3:39:58
QC Fail Order,SV,K.V.Rangareddy,6/30/2026 3:29:40,Ship to Store,SNXS1270000004416010,948234864,NXS1,K.V.Rangareddy,6/29/2026 19:55,,,2026-06-30 0:46:41,2026-06-30 0:47:02,,2026-06-30 0:47:08,0:00:21,2026-06-30 3:02:13,2:15:05,2026-06-30 3:02:13,6/30/2026 1:15:00,2026-06-30 3:12:49,6/30/2026 1:45:00,2026-06-30 3:12:49,6/30/2026 2:00:00,2026-06-30 3:29:40
QC Fail Order,SV,Jaipur,6/30/2026 3:58:25,Ship to Store,SNXS1270000004418372,948261264,NXS1,Jaipur,6/29/2026 18:24,,,2026-06-30 2:06:43,2026-06-30 2:08:02,,2026-06-30 2:08:09,0:01:19,2026-06-30 11:26:05,9:17:56,2026-06-30 11:26:05,6/30/2026 1:15:00,2026-06-30 12:01:19,6/30/2026 1:45:00,2026-06-30 12:01:19,6/30/2026 2:00:00,2026-06-30 3:58:25
QC Fail Order,SV,Bengaluru,6/30/2026 2:57:18,Ship to Cust,SNXS1270000004408634,948152174,NXS1,Bengaluru S2C,6/29/2026 15:15,,,2026-06-30 0:35:44,2026-06-30 0:37:37,2026-06-30 0:46:09,2026-06-30 0:46:43,0:09:06,2026-06-30 2:23:55,1:37:12,2026-06-30 2:23:55,6/30/2026 0:30:00,2026-06-30 2:53:10,6/30/2026 1:00:00,2026-06-30 2:53:10,6/30/2026 1:15:00,2026-06-30 2:57:18
QC Fail Order,SV,Jaipur,6/29/2026 23:15:10,Ship to Store,SNXS1270000004391623,947934984,NXS1,Jaipur,6/29/2026 16:16,,,2026-06-29 21:45:59,2026-06-29 21:46:51,,2026-06-29 23:15:10,1:28:19,2026-06-30 10:27:15,11:12:05,2026-06-30 10:27:15,6/30/2026 1:15:00,2026-06-30 11:39:51,6/30/2026 1:45:00,2026-06-30 11:39:51,6/30/2026 2:00:00,2026-06-30 12:56:25
QC Fail Order,SV,Jaipur,6/30/2026 3:18:43,Ship to Store,SNXS1270000004404794,948111384,NXS1,Jaipur,6/29/2026 19:48,,,2026-06-29 21:34:19,2026-06-29 21:34:42,,2026-06-29 22:06:04,0:31:22,2026-06-30 2:51:40,4:45:36,2026-06-30 3:10:16,6/30/2026 1:15:00,2026-06-30 3:13:28,6/30/2026 1:45:00,2026-06-30 3:13:28,6/30/2026 2:00:00,2026-06-30 3:18:42
QC Fail Order,SV,Noida,6/30/2026 3:58:45,Ship to Cust,SNXS1270000004392610,947946984,NXS1,Noida S2C,6/29/2026 19:20,,,2026-06-29 17:49:57,2026-06-29 17:50:27,2026-06-29 20:49:43,2026-06-29 23:05:15,5:14:48,2026-06-30 3:33:48,4:28:33,2026-06-30 3:51:02,6/30/2026 1:30:00,2026-06-30 3:54:29,6/30/2026 2:00:00,2026-06-30 3:54:29,6/30/2026 2:15:00,2026-06-30 3:58:45
QC Fail Order,SV,Jodhpur,,Ship to Store,SNXS1270000004414114,948216614,NXS1,Jodhpur,6/29/2026 18:39,,,2026-06-30 3:04:39,2026-06-30 3:05:02,,2026-06-30 3:05:11,0:00:23,2026-06-30 12:50:04,9:44:53,2026-06-30 12:50:04,6/30/2026 1:15:00,2026-06-30 14:46:35,6/30/2026 1:45:00,2026-06-30 14:46:35,6/30/2026 2:00:00,2026-06-30 16:13:38
QC Fail Order,SV,Chandigarh,6/30/2026 3:43:20,Ship to Store,SNXS1270000004413384,948208234,NXS1,Chandigarh,6/29/2026 17:05,,,2026-06-30 2:09:25,2026-06-30 2:10:30,,2026-06-30 2:10:39,0:01:05,2026-06-30 3:34:36,1:23:57,2026-06-30 3:34:36,6/30/2026 1:15:00,2026-06-30 3:39:48,6/30/2026 1:45:00,2026-06-30 3:39:48,6/30/2026 2:00:00,2026-06-30 3:43:20
QC Fail Order,SV,Bengaluru,6/30/2026 3:50:07,Ship to Store,SNXS1270000004406752,948133254,NXS1,Bengaluru,6/29/2026 19:49,,,2026-06-30 0:03:13,2026-06-30 0:25:15,,2026-06-30 0:25:21,0:22:02,2026-06-30 3:33:49,3:08:28,2026-06-30 3:46:10,6/30/2026 2:15:00,2026-06-30 3:47:45,6/30/2026 2:45:00,2026-06-30 3:47:45,6/30/2026 3:00:00,2026-06-30 3:50:07
QC Fail Order,SV,Pune,6/30/2026 3:26:15,Ship to Store,SNXS1270000004392652,947947304,NXS1,Pune,6/29/2026 16:41,,,2026-06-30 0:09:31,2026-06-30 0:10:02,,2026-06-30 0:50:33,0:40:31,2026-06-30 2:58:02,2:07:29,2026-06-30 3:15:32,6/29/2026 23:00:00,2026-06-30 3:22:33,6/29/2026 23:30:00,2026-06-30 3:22:33,6/29/2026 23:45:00,2026-06-30 3:26:15
QC Fail Order,SV,Gurgaon,6/30/2026 0:11:58,Ship to Store,SNXS1270000004397503,947998154,NXS1,Gurgaon,6/29/2026 19:42,,,2026-06-29 23:04:06,2026-06-29 23:04:50,,2026-06-30 0:11:58,1:07:08,2026-06-30 10:21:47,10:09:49,2026-06-30 10:21:47,6/30/2026 2:15:00,2026-06-30 11:27:10,6/30/2026 2:45:00,2026-06-30 11:27:10,6/30/2026 3:00:00,2026-06-30 15:49:55
QC Fail Order,SV,Ludhiana,6/30/2026 1:18:15,Ship to Store,SNXS1270000004411550,948187234,NXS1,Ludhiana,6/29/2026 0:27,,,2026-06-29 23:11:35,2026-06-29 23:12:13,2026-06-29 23:36:46,2026-06-30 1:18:14,2:06:01,2026-06-30 3:14:47,1:56:33,2026-06-30 3:14:47,6/30/2026 1:15:00,2026-06-30 12:22:12,6/30/2026 1:45:00,2026-06-30 3:51:43,6/30/2026 2:00:00,2026-06-30 12:22:12
QC Fail Order,SV,Kolkata,6/30/2026 4:12:32,Ship to Cust,SNXS1270000004411487,948185894,NXS1,Kolkata S2C,6/29/2026 18:11,,,2026-06-30 1:12:08,2026-06-30 1:13:00,2026-06-30 2:07:03,2026-06-30 2:07:47,0:54:47,2026-06-30 3:46:10,1:38:23,2026-06-30 3:46:10,6/30/2026 2:30:00,2026-06-30 3:51:15,6/30/2026 3:00:00,2026-06-30 3:51:15,6/30/2026 3:15:00,2026-06-30 4:12:32
QC Fail Order,SV,Chandigarh,6/30/2026 0:51:51,Ship to Store,SNXS1270000004416284,948239084,NXS1,Chandigarh,6/29/2026 14:37,,,2026-06-29 22:59:25,2026-06-29 23:00:26,2026-06-29 23:30:31,2026-06-30 2:06:52,3:06:26,2026-06-30 10:26:22,8:19:30,2026-06-30 10:26:22,6/30/2026 1:15:00,2026-06-30 11:25:32,6/30/2026 1:45:00,2026-06-30 11:25:32,6/30/2026 2:00:00,2026-06-30 13:31:15
QC Fail Order,SV,Bengaluru,6/30/2026 3:38:21,Ship to Store,SNXS1270000004396911,947992774,NXS1,Bengaluru,6/29/2026 20:32,,,2026-06-29 21:23:14,2026-06-29 23:10:08,,2026-06-29 23:10:16,1:46:54,2026-06-30 9:33:08,10:22:52,2026-06-30 11:41:23,6/30/2026 2:15:00,2026-06-30 12:24:01,6/30/2026 2:45:00,2026-06-30 12:24:01,6/30/2026 3:00:00,2026-06-30 13:20:07
